Combo,Subject,Catalog,Name,CC
ADV1321,ADV,1321,Introduction to Creativity,CA
ADV1322,ADV,1322,Introduction to Creativity,CAC
ADV1323,ADV,1323,Digital Media Landscapes,TAS
ADV1324,ADV,1324,"Advertising, Society & Ethics",CIE
ADV1325,ADV,1325,Business Communication,W
AMAE1326,AMAE,1326,Budget & Financial Lit in Arts,QA
ANTH1327,ANTH,1327,Anth: A Four-Field Approach,SBS
ANTH1328,ANTH,1328,Anth: A Four-Field Approach,W
ANTH1329,ANTH,1329,Intro Cultural Anthropology,SBS
ANTH1330,ANTH,1330,Intro Cultural Anthropology,HD
ANTH1331,ANTH,1331,People of the Earth,HC
ANTH1332,ANTH,1332,How to Build a Time Machine,TAS
ANTH1333,ANTH,1333,Global Processes and Problems,SBS
ANTH1334,ANTH,1334,Global Processes and Problems,GPS
ANTH1335,ANTH,1335,Cultures at Risk,SBS
ANTH1336,ANTH,1336,Cultures at Risk,OC
ANTH1337,ANTH,1337,PaleoParents,ES
ANTH1338,ANTH,1338,Human Nature,ES
ANTH1339,ANTH,1339,Intro Biological Anthropology,ES
ANTH1340,ANTH,1340,The Science of Our Past,ES
ANTH1341,ANTH,1341,"Health, Healing and Ethics",PREI
ANTH1342,ANTH,1342,"Health, Healing and Ethics",W
ANTH1343,ANTH,1343,Psychological Anthropology,SBS
ANTH1344,ANTH,1344,Psychological Anthropology,GPS
ANTH1345,ANTH,1345,North American Archaeology,HC
ANTH1346,ANTH,1346,Intro to Medical Anthropology,SBS
ANTH1347,ANTH,1347,Intro to Medical Anthropology,OC
ANTH1348,ANTH,1348,Evolutionary Health,ES
ANTH1349,ANTH,1349,"Gender, Sex, and Sexuality",SBS
ANTH1350,ANTH,1350,"Gender, Sex, and Sexuality",GPS
ANTH1351,ANTH,1351,"Gender, Sex, and Sexuality",HD
ANTH1352,ANTH,1352,Mesoamerican Archaeology,HC
ANTH1353,ANTH,1353,Mesoamerican Archaeology,HD
ANTH1354,ANTH,1354,Peoples of Africa,SBS
ANTH1355,ANTH,1355,Peoples of Africa,GPS
ANTH1356,ANTH,1356,Origins of Civilization,HC
ANTH1357,ANTH,1357,People & Cultures of SE Asia,HC
ANTH1358,ANTH,1358,Life in the Ancient Southwest,SBS
ANTH1359,ANTH,1359,Humanity & Global Env Change,SBS
ANTH1360,ANTH,1360,Humanity & Global Env Change,GPS
ANTH1361,ANTH,1361,Ancient Hawaii,HC
ANTH1362,ANTH,1362,East Asia in Motion,SBS
ANTH1363,ANTH,1363,East Asia in Motion,GPS
ANTH1364,ANTH,1364,East Asia in Motion,HD
ANTH1365,ANTH,1365,Rites of Passage,OC
ANTH1366,ANTH,1366,"Gender, Violence, and Health",SBS
ANTH1367,ANTH,1367,"Gender, Violence, and Health",HD
ANTH1368,ANTH,1368,The Immigrant Experience,SBS
ANTH1369,ANTH,1369,The Immigrant Experience,W
ANTH1370,ANTH,1370,Fantastic Archaeology,HC
ANTH1371,ANTH,1371,Cultural Aspects of Business,OC
ANTH1372,ANTH,1372,Intro to Ethnographic Methods,W
ANTH1373,ANTH,1373,Culture & Diversity in America,SBS
ANTH1374,ANTH,1374,Culture & Diversity in America,HD
ANTH1375,ANTH,1375,Health as a Human Right,SBS
ANTH1376,ANTH,1376,Health as a Human Right,CE
ANTH1377,ANTH,1377,Health as a Human Right,GPS
ANTH1378,ANTH,1378,Health as a Human Right,HD
ANTH1379,ANTH,1379,Good Eats and Forbidden Flesh,SBS
ANTH1380,ANTH,1380,Good Eats and Forbidden Flesh,CE
ANTH1381,ANTH,1381,Good Eats and Forbidden Flesh,HD
ANTH1382,ANTH,1382,Forensic Anthropology,ES
ANTH1383,ANTH,1383,Indians of North America,SBS
ANTH1384,ANTH,1384,Indians of North America,HD
ANTH1385,ANTH,1385,Latin America,SBS
ANTH1386,ANTH,1386,Latin America,GPS
ANTH1387,ANTH,1387,Latin America,HD
ANTH1388,ANTH,1388,Society and Culture in Europe,SBS
ANTH1389,ANTH,1389,Society and Culture in Europe,GPS
ANTH1390,ANTH,1390,Society and Culture in Europe,HD
ANTH1391,ANTH,1391,From Gold to Gambling,SBS
ANTH1392,ANTH,1392,From Gold to Gambling,HD
ANTH1393,ANTH,1393,Language in Culture & Society,SBS
ANTH1394,ANTH,1394,Anth of Science and Tech,TAS
ANTH1395,ANTH,1395,"Magic, Myth and Religion",SBS
ANTH1396,ANTH,1396,"Magic, Myth and Religion",GPS
ANTH1397,ANTH,1397,Global Urbanism,GPS
ANTH1398,ANTH,1398,Global Urbanism,W
ANTH1399,ANTH,1399,Fire on Earth,ES
ANTH1400,ANTH,1400,Living with Fire,HC
ANTH1401,ANTH,1401,Paradise Lost?,HC
ANTH1402,ANTH,1402,Anthrozoology,ES
ANTH1403,ANTH,1403,Anthrozoology,W
ANTH1404,ANTH,1404,The Plundered Past,HC
ANTH1405,ANTH,1405,The Plundered Past,CIE
ANTH1406,ANTH,1406,The Plundered Past,W
ANTH1407,ANTH,1407,In Search of Ice Age Americans,ES
ANTH1408,ANTH,1408,Hunter-Gatherers,GPS
ANTH1409,ANTH,1409,Global & Public Health Impact,CE
ANTH1410,ANTH,1410,Global & Public Health Impact,GPS
ANTH1411,ANTH,1411,Global & Public Health Impact,HD
ANTH1412,ANTH,1412,Field Methods in Archaeology,CE
ANTH1413,ANTH,1413,Field Methods in Archaeology,HD
APSM1414,APSM,1414,Coaching and Leadership,OC
APSM1415,APSM,1415,Anatomy & Physiology I,ES
APSM1416,APSM,1416,Applied Exercise Physiology,ES
APSM1417,APSM,1417,Advanced PR in Sport,W
APSM1418,APSM,1418,Exercise Physiology with Lab,W
APSM1419,APSM,1419,Senior Project APHM,OC
APSM1420,APSM,1420,Physiology Health and Disease,QA
APSM1421,APSM,1421,Senior Project,OC
APSM1422,APSM,1422,Global & Public Health Impact,CE
APSM1423,APSM,1423,Global & Public Health Impact,GPS
APSM1424,APSM,1424,Global & Public Health Impact,HD
APSM1425,APSM,1425,Sports Data and Analytics,QA
APSM1426,APSM,1426,AP & E Internship,CE
ARBC1427,ARBC,1427,Beginning Arabic II,SLM
ARBC1428,ARBC,1428,Intermediate Arabic I,LAI
ARBC1429,ARBC,1429,Intermediate Arabic I,GPS
ARBC1430,ARBC,1430,Intermediate Arabic II,GPS
ARBC1431,ARBC,1431,Intermediate Arabic II,OC
ARBC1432,ARBC,1432,Advanced Arabic II,GPS
ARHS1433,ARHS,1433,From Mummies to Gladiators,CA
ARHS1434,ARHS,1434,From Mummies to Gladiators,CAA
ARHS1435,ARHS,1435,Medieval and Early Modern,CA
ARHS1436,ARHS,1436,Medieval and Early Modern,CAA
ARHS1437,ARHS,1437,Baroque to Digital Age,CA
ARHS1438,ARHS,1438,Baroque to Digital Age,CAA
ARHS1439,ARHS,1439,Baroque to Digital Age,GPS
ARHS1440,ARHS,1440,Intro to Western Art I,HC
ARHS1441,ARHS,1441,Intro to Western Art II,HC
ARHS1442,ARHS,1442,Intro to African Arts,CA
ARHS1443,ARHS,1443,Intro to African Arts,CAA
ARHS1444,ARHS,1444,Introduction to Architecture,CA
ARHS1445,ARHS,1445,Introduction to Architecture,CAA
ARHS1446,ARHS,1446,Introduction to Art History,CA
ARHS1447,ARHS,1447,Introduction to Art History,CAA
ARHS1448,ARHS,1448,Epic of Latin America,CA
ARHS1449,ARHS,1449,Epic of Latin America,CAA
ARHS1450,ARHS,1450,Intro Art Ancient Egypt,HC
ARHS1451,ARHS,1451,Architecture Islamic World,CA
ARHS1452,ARHS,1452,Architecture Islamic World,CAA
ARHS1453,ARHS,1453,The Global Baroque,HC
ARHS1454,ARHS,1454,The Global Baroque,HD
ARHS1455,ARHS,1455,The Visual Arts in France,HC
ARHS1456,ARHS,1456,Visual Cultures,HC
ARHS1457,ARHS,1457,Impressionism,HC
ARHS1458,ARHS,1458,Picturing the American West,HC
ARHS1459,ARHS,1459,Art in Inka Peru,CA
ARHS1460,ARHS,1460,Art in Inka Peru,CAA
ARHS1461,ARHS,1461,Art in Inka Peru,HD
ARHS1462,ARHS,1462,Ancient Maya Art History,HC
ARHS1463,ARHS,1463,Ancient Maya Art History,HD
ARHS1464,ARHS,1464,Aztecs of Mexico,HC
ARHS1465,ARHS,1465,Aztecs of Mexico,HD
ARHS1466,ARHS,1466,Art of American Southwest,CA
ARHS1467,ARHS,1467,Art of American Southwest,CAA
ARHS1468,ARHS,1468,Art of American Southwest,CIE
ARHS1469,ARHS,1469,Art of American Southwest,OC
ARHS1470,ARHS,1470,Art of American Southwest,W
ARHS1471,ARHS,1471,Photography in Taos,CA
ARHS1472,ARHS,1472,Photography in Taos,CAA
ARHS1473,ARHS,1473,Photography in Taos,OC
ARHS1474,ARHS,1474,War and Looting Ancient Art,HC
ARHS1475,ARHS,1475,War and Looting Ancient Art,CIE
ARHS1476,ARHS,1476,Ancient Greek Art,CA
ARHS1477,ARHS,1477,Ancient Greek Art,CAA
ARHS1478,ARHS,1478,Ancient Greek Art,CIE
ARHS1479,ARHS,1479,Classical Sculpture,HC
ARHS1480,ARHS,1480,Land Between Two Rivers,CA
ARHS1481,ARHS,1481,Land Between Two Rivers,CAA
ARHS1482,ARHS,1482,Medieval Art and Architecture,HC
ARHS1483,ARHS,1483,Art Medieval Science & Magic,CA
ARHS1484,ARHS,1484,Art Medieval Science & Magic,CAA
ARHS1485,ARHS,1485,Art/Cultures of Medieval Spain,CA
ARHS1486,ARHS,1486,Art/Cultures of Medieval Spain,CAA
ARHS1487,ARHS,1487,Art and Architecture in Italy,CA
ARHS1488,ARHS,1488,Art and Architecture in Italy,CAA
ARHS1489,ARHS,1489,Art and Architecture in Italy,OC
ARHS1490,ARHS,1490,Early Modern Hispanic Art,HC
ARHS1491,ARHS,1491,Spanish Art and Architecture,CA
ARHS1492,ARHS,1492,Spanish Art and Architecture,CAA
ARHS1493,ARHS,1493,Spanish Art and Architecture,CIE
ARHS1494,ARHS,1494,Spanish Art and Architecture,GPS
ARHS1495,ARHS,1495,Spanish Art and Architecture,W
ARHS1496,ARHS,1496,El Greco to Goya,CA
ARHS1497,ARHS,1497,El Greco to Goya,CAA
ARHS1498,ARHS,1498,Portraiture and Selfhood,CA
ARHS1499,ARHS,1499,Portraiture and Selfhood,CAA
ARHS1500,ARHS,1500,The Art Market,HC
ARHS1501,ARHS,1501,Decorative Arts and Dress,HC
ARHS1502,ARHS,1502,Animals in Art,CA
ARHS1503,ARHS,1503,Animals in Art,CAA
ARHS1504,ARHS,1504,American Built Environment,CA
ARHS1505,ARHS,1505,American Built Environment,CAA
ARHS1506,ARHS,1506,Eighteenth-Century Art,CA
ARHS1507,ARHS,1507,Eighteenth-Century Art,CAA
ARHS1508,ARHS,1508,Eighteenth-Century Art,W
ARHS1509,ARHS,1509,The Making of Modern Life,HC
ARHS1510,ARHS,1510,British Art and Architecture,HC
ARHS1511,ARHS,1511,American Art & Architecture I,HC
ARHS1512,ARHS,1512,American Art & Architecture I,W
ARHS1513,ARHS,1513,Modern Architecture,HC
ARHS1514,ARHS,1514,Brazilian Art and Architecture,CA
ARHS1515,ARHS,1515,Brazilian Art and Architecture,CAA
ARHS1516,ARHS,1516,Race/Gender in Visual Culture,CA
ARHS1517,ARHS,1517,Race/Gender in Visual Culture,CAA
ARHS1518,ARHS,1518,"Picasso, O'Keeffe, and Dali",CA
ARHS1519,ARHS,1519,"Picasso, O'Keeffe, and Dali",CAA
ARHS1520,ARHS,1520,History of Photography I,TAS
ARHS1521,ARHS,1521,Art and Context: 1940-1970,HC
ARHS1522,ARHS,1522,Contemporary Art: 1965-Present,CA
ARHS1523,ARHS,1523,Contemporary Art: 1965-Present,CAA
ARHS1524,ARHS,1524,African Festival & Masquerade,CA
ARHS1525,ARHS,1525,African Festival & Masquerade,CAA
ARHS1526,ARHS,1526,American Art & Architecture II,CA
ARHS1527,ARHS,1527,American Art & Architecture II,CAA
ARHS1528,ARHS,1528,Afro-Latin American Art,CA
ARHS1529,ARHS,1529,Afro-Latin American Art,CAA
ARHS1530,ARHS,1530,History of Photography II,TAS
ARHS1531,ARHS,1531,Gender and Sexuality in Art,HC
ARHS1532,ARHS,1532,Picturing Children and Family,HC
ARHS1533,ARHS,1533,Art of the Afro-Fantastic,CA
ARHS1534,ARHS,1534,Art of the Afro-Fantastic,CAA
ARHS1535,ARHS,1535,Research & Methods in Art Hist,OC
ASAG1536,ASAG,1536,Observations,CA
ASAG1537,ASAG,1537,Observations,CAC
ASAG1538,ASAG,1538,Art Colloquium: New York,CA
ASAG1539,ASAG,1539,Art Colloquium: New York,CAC
ASCE1540,ASCE,1540,Introduction to Ceramics,CA
ASCE1541,ASCE,1541,Introduction to Ceramics,CAC
ASCE1542,ASCE,1542,Ceramic Technology,CA
ASCE1543,ASCE,1543,Ceramic Technology,CAA
ASCE1544,ASCE,1544,"Sex, Drugs, and Rocks",CA
ASCE1545,ASCE,1545,"Sex, Drugs, and Rocks",CAC
ASCE1546,ASCE,1546,"Sex, Drugs, and Rocks",HD
ASCE1547,ASCE,1547,Death Pots,CA
ASCE1548,ASCE,1548,Death Pots,CAC
ASCE1549,ASCE,1549,Death Pots,GPS
ASCE1550,ASCE,1550,Death Pots,W
ASDR1551,ASDR,1551,Introduction to Drawing,CA
ASDR1552,ASDR,1552,Introduction to Drawing,CAC
ASDR1553,ASDR,1553,Drawing in Italy,CA
ASDR1554,ASDR,1554,Drawing in Italy,CAC
ASL1555,ASL,1555,American Sign Language II,SLS
ASL1556,ASL,1556,ASL II with Review,SLS
ASL1557,ASL,1557,Intermediate ASL I,LAI
ASPH1558,ASPH,1558,Introduction to Photography,CA
ASPH1559,ASPH,1559,Introduction to Photography,CAC
ASPH1560,ASPH,1560,Introduction to Photography,OC
ASPH1561,ASPH,1561,Photography in Taos,CA
ASPH1562,ASPH,1562,Photography in Taos,CAC
ASPH1563,ASPH,1563,Photography in Taos,OC
ASPR1564,ASPR,1564,Introduction to Printmaking,CA
ASPR1565,ASPR,1565,Introduction to Printmaking,CAC
ASPT1566,ASPT,1566,Introduction to Painting,CA
ASPT1567,ASPT,1567,Introduction to Painting,CAC
ASSC1568,ASSC,1568,Introduction to Sculpture,CA
ASSC1569,ASSC,1569,Introduction to Sculpture,CAC
BIOL1570,BIOL,1570,Introductory Biology Lab,ES
BIOL1571,BIOL,1571,Introductory Biology Lab,ES9
BIOL1572,BIOL,1572,Introductory Biology Lab,ES
BIOL1573,BIOL,1573,Introductory Biology Lab,ES9
BIOL1574,BIOL,1574,Biology for Liberal Arts,ES
BIOL1575,BIOL,1575,Introductory Biology,ES
BIOL1576,BIOL,1576,Introductory Biology,ES8
BIOL1577,BIOL,1577,Introductory Biology,ES
BIOL1578,BIOL,1578,Introductory Biology,ES8
BIOL1579,BIOL,1579,Anatomy and Physiology Lab I,ES
BIOL1580,BIOL,1580,Biological Chemistry Lab,QA
CCPA1581,CCPA,1581,Public Speaking in Context,OC
CCPA1582,CCPA,1582,Intro to Newswriting for PR,W
CCPA1583,CCPA,1583,Comm Research and Analytics,QA
CCPA1584,CCPA,1584,History/Philosophy Free Speech,HC
CCPA1585,CCPA,1585,Comm in Global Context,GPS
CCPA1586,CCPA,1586,Business & Professional Comm,W
CCPA1587,CCPA,1587,"Globalization, Economics &Comm",GPS
CEE1588,CEE,1588,Intro to Global Development,GPS
CEE1589,CEE,1589,Meteorology,ES
CEE1590,CEE,1590,Authentic Leadership,CE
CEE1591,CEE,1591,Authentic Leadership,HD
CEE1592,CEE,1592,Engineering Communications,OC
CEE1593,CEE,1593,Engineering Communications,W
CEE1594,CEE,1594,Civil and Envir Engr Design II,OC
CHEM1595,CHEM,1595,General Chemistry Laboratory,ES
CHEM1596,CHEM,1596,General Chemistry Laboratory,ES9
CHEM1597,CHEM,1597,General Chemistry Laboratory,ES
CHEM1598,CHEM,1598,General Chemistry Laboratory,ES9
CHEM1599,CHEM,1599,Chem for Liberal Arts,ES
CHEM1600,CHEM,1600,Preparatory Chemistry,ES
CHEM1601,CHEM,1601,General Chemistry,ES
CHEM1602,CHEM,1602,General Chemistry,ES8
CHEM1603,CHEM,1603,General Chemistry,ES
CHEM1604,CHEM,1604,General Chemistry,ES8
CHEM1605,CHEM,1605,Biological Chemistry Lab,QA
CHIN1606,CHIN,1606,Beginning Chinese: Second Term,SLM
CHIN1607,CHIN,1607,Intermediate Chinese,LAI
CHIN1608,CHIN,1608,Intermediate Chinese,GPS
CHIN1609,CHIN,1609,Intermediate Chinese(2nd Term),GPS
CHIN1610,CHIN,1610,Advanced Chinese (2nd Term),GPS
CHIN1611,CHIN,1611,Advanced Chinese (2nd Term),OC
CHIN1612,CHIN,1612,"Film, Culture and Society",HD
CLAS1613,CLAS,1613,Myth & Thgt-Ancient World,CA
CLAS1614,CLAS,1614,Myth & Thgt-Ancient World,CAA
CLAS1615,CLAS,1615,Myth & Thgt-Ancient World,OC
CS1616,CS,1616,Senior Design,OC
DANC1617,DANC,1617,The Dancer's Toolbox,CE
DANC1618,DANC,1618,Beginning Modern Dance,CA
DANC1619,DANC,1619,Beginning Modern Dance,CAC
DANC1620,DANC,1620,Dance Composition I,CA
DANC1621,DANC,1621,Dance Composition I,CAC
DANC1622,DANC,1622,Kinesiology for Dance,ES
DANC1623,DANC,1623,Dance Pedagogy,OC
DANC1624,DANC,1624,Evolution Amer Musical Theater,CA
DANC1625,DANC,1625,Evolution Amer Musical Theater,CAC
DANC1626,DANC,1626,Dance in Contemporary Society,CA
DANC1627,DANC,1627,Dance in Contemporary Society,CAC
DANC1628,DANC,1628,Dance in Contemporary Society,OC
DANC1629,DANC,1629,Dance in Contemporary Society,W
DANC1630,DANC,1630,Dance History I: Ballet,HD
DANC1631,DANC,1631,Dance History II: Modernism,W
DANC1632,DANC,1632,Dance History III:Jazz History,HD
DS1633,DS,1633,Practical Intro Data Science,TAS
DS1634,DS,1634,Practical Intro Data Science,QA
DSIN1635,DSIN,1635,Human-Centered Design,CE
ECE1636,ECE,1636,Mod Electronic Technology,TAS
ECE1637,ECE,1637,Introduction to ECE,TAS
ECE1638,ECE,1638,Solid State Devices,OC
ECE1639,ECE,1639,Solid State Devices,W
ECO1640,ECO,1640,Principles of Microeconomics,QA
EDU1641,EDU,1641,Mustang Emotional IQ,CIE
EDU1642,EDU,1642,Educational Psychology,HD
EDU1643,EDU,1643,Foundations of ESL Instruction,CE
EDU1644,EDU,1644,Intro Diverse Learners,HD
ENGL1645,ENGL,1645,Cultures of Medieval Chivalry,LAI
ENGL1646,ENGL,1646,The World of Shakespeare,LAI
ENGL1647,ENGL,1647,The American Heroine,LAI
ENGL1648,ENGL,1648,Speculative Fiction,LAI
ENGL1649,ENGL,1649,The Myth of the American West,CA
ENGL1650,ENGL,1650,The Myth of the American West,CAA
ENGL1651,ENGL,1651,Literature of Minorities,LAI
ENGL1652,ENGL,1652,Literature of Minorities,HD
ENGL1653,ENGL,1653,Introduction to Literature,CA
ENGL1654,ENGL,1654,Introduction to Literature,CAA
ENGL1655,ENGL,1655,"Power, Passion, and Protest",HC
ENGL1656,ENGL,1656,Business Writing,W
ENGL1657,ENGL,1657,Honors Humanities Seminar II,CA
ENGL1658,ENGL,1658,Honors Humanities Seminar II,CAA
ENGL1659,ENGL,1659,Honors Humanities Seminar II,W
ENGL1660,ENGL,1660,Imagination and Interpretation,CA
ENGL1661,ENGL,1661,Imagination and Interpretation,CAA
ENGL1662,ENGL,1662,Imagination and Interpretation,W
ENGL1663,ENGL,1663,Poetry,LAI
ENGL1664,ENGL,1664,Poetry,W
ENGL1665,ENGL,1665,Fiction,LAI
ENGL1666,ENGL,1666,Fiction,W
ENGL1667,ENGL,1667,Drama,LAI
ENGL1668,ENGL,1668,Drama,W
ENGL1669,ENGL,1669,Introduction to Literary Study,LAI
ENGL1670,ENGL,1670,Introduction to Literary Study,W
ENGL1671,ENGL,1671,Lit and Digital Humanities,LAI
ENGL1672,ENGL,1672,Lit and Digital Humanities,W
ENGL1673,ENGL,1673,Intro Creative Writing,CA
ENGL1674,ENGL,1674,Intro Creative Writing,CAC
ENGL1675,ENGL,1675,Intro Creative Writing,W
ENGL1676,ENGL,1676,Literature as Data,LAI
ENGL1677,ENGL,1677,Literature as Data,W
ENGL1678,ENGL,1678,Topics in Medieval Literature,LAI
ENGL1679,ENGL,1679,Topics in Medieval Literature,W
ENGL1680,ENGL,1680,Topics in Early Modern Lit,LAI
ENGL1681,ENGL,1681,Topics in Early Modern Lit,W
ENGL1682,ENGL,1682,British Lit Chaucer-Pope,LAI
ENGL1683,ENGL,1683,British Lit Chaucer-Pope,W
ENGL1684,ENGL,1684,Topics in Brit Lit Age of Rev,LAI
ENGL1685,ENGL,1685,British Literary History II,LAI
ENGL1686,ENGL,1686,British Literary History II,W
ENGL1687,ENGL,1687,Victorian Gender and Sexuality,LAI
ENGL1688,ENGL,1688,Victorian Gender and Sexuality,HD
ENGL1689,ENGL,1689,Victorian Gender and Sexuality,W
ENGL1690,ENGL,1690,American Literary History I,LAI
ENGL1691,ENGL,1691,American Literary History I,W
ENGL1692,ENGL,1692,Topics in Am Lit in Age of Rev,LAI
ENGL1693,ENGL,1693,Topics in Am Lit in Age of Rev,W
ENGL1694,ENGL,1694,Hist of Print/Digital Culture,LAI
ENGL1695,ENGL,1695,Hist of Print/Digital Culture,W
ENGL1696,ENGL,1696,Transatlantic Encounters III,LAI
ENGL1697,ENGL,1697,Transatlantic Encounters III,HD
ENGL1698,ENGL,1698,Transatlantic Encounters III,W
ENGL1699,ENGL,1699,Topics-Mod & Contep Am Lit,LAI
ENGL1700,ENGL,1700,Topics-Mod & Contep Am Lit,W
ENGL1701,ENGL,1701,African-American Literature,LAI
ENGL1702,ENGL,1702,African-American Literature,HD
ENGL1703,ENGL,1703,African-American Literature,W
ENGL1704,ENGL,1704,Chicana/Chicano Literature,LAI
ENGL1705,ENGL,1705,Chicana/Chicano Literature,HD
ENGL1706,ENGL,1706,Chicana/Chicano Literature,W
ENGL1707,ENGL,1707,Women and the Southwest,LAI
ENGL1708,ENGL,1708,Jewish American Literature,LAI
ENGL1709,ENGL,1709,Jewish American Literature,HD
ENGL1710,ENGL,1710,Jewish American Literature,W
ENGL1711,ENGL,1711,American Literary History II,LAI
ENGL1712,ENGL,1712,American Literary History II,W
ENGL1713,ENGL,1713,Ethical Impl-Children's Lit,LAI
ENGL1714,ENGL,1714,Ethical Impl-Children's Lit,HD
ENGL1715,ENGL,1715,Ethical Impl-Children's Lit,OC
ENGL1716,ENGL,1716,Ethical Impl-Children's Lit,W
ENGL1717,ENGL,1717,LGBTQ+ Writing,LAI
ENGL1718,ENGL,1718,LGBTQ+ Writing,HD
ENGL1719,ENGL,1719,LGBTQ+ Writing,W
ENGL1720,ENGL,1720,Contexts of Disability,LAI
ENGL1721,ENGL,1721,Contexts of Disability,HD
ENGL1722,ENGL,1722,Contexts of Disability,OC
ENGL1723,ENGL,1723,Contexts of Disability,W
ENGL1724,ENGL,1724,Literature and Medicine,LAI
ENGL1725,ENGL,1725,Literature and Medicine,W
ENGL1726,ENGL,1726,Literature of the Holocaust,LAI
ENGL1727,ENGL,1727,Literature of the Holocaust,HD
ENGL1728,ENGL,1728,Literature of the Holocaust,OC
ENGL1729,ENGL,1729,Literature of the Holocaust,W
ENGL1730,ENGL,1730,The Gothic Novel,W
ENGL1731,ENGL,1731,Creative Writing Workshop,W
ENGL1732,ENGL,1732,Renaissance Writers,OC
ENGL1733,ENGL,1733,Brit Lit in Age of Revolutions,OC
ENGL1734,ENGL,1734,Modern & Contemp Brit Writers,OC
ENGL1735,ENGL,1735,Transatlantic Studies III,OC
ENGR1736,ENGR,1736,Intro to Engineering Design,TAS
ENGR1737,ENGR,1737,Intro to Engineering Design,OC
EPL1738,EPL,1738,The American University,W
EPL1739,EPL,1739,Comparative Leadership,GPS
FILM1740,FILM,1740,Art of Film and Media,CA
FILM1741,FILM,1741,Art of Film and Media,CAA
FILM1742,FILM,1742,Contemporary Media Industries,TAS
FILM1743,FILM,1743,Introduction to Screenwriting,W
FILM1744,FILM,1744,Creativity and Ideation,CA
FILM1745,FILM,1745,Creativity and Ideation,CAC
FILM1746,FILM,1746,American Popular Film & TV,CA
FILM1747,FILM,1747,American Popular Film & TV,CAA
FILM1748,FILM,1748,History of Animated Film,HC
FILM1749,FILM,1749,International Film History,HC
FILM1750,FILM,1750,Diversity and American Film,HC
FILM1751,FILM,1751,Diversity and American Film,HD
FILM1752,FILM,1752,Film and Television Genres,CA
FILM1753,FILM,1753,Film and Television Genres,CAA
FILM1754,FILM,1754,Intermediate Production,OC
FILM1755,FILM,1755,Producing,OC
FILM1756,FILM,1756,Producing,QA
FILM1757,FILM,1757,Screen Artists,CA
FILM1758,FILM,1758,Screen Artists,CAA
FILM1759,FILM,1759,American Film History,CA
FILM1760,FILM,1760,American Film History,CAA
FILM1761,FILM,1761,American Broadcast History,CA
FILM1762,FILM,1762,American Broadcast History,CAA
FILM1763,FILM,1763,American Broadcast History,HC
FILM1764,FILM,1764,History of Documentary Film/Tv,HC
FILM1765,FILM,1765,Post War European Cinema,CA
FILM1766,FILM,1766,Post War European Cinema,CAA
FREN1767,FREN,1767,Beginning French II,SLM
FREN1768,FREN,1768,Beginning Fren II With Review,SLM
FREN1769,FREN,1769,Accelerated Beginner French,SLM
FREN1770,FREN,1770,Accelerated Beginner French,GPS
FREN1771,FREN,1771,Intermediate French II,CA
FREN1772,FREN,1772,Intermediate French II,CAA
FREN1773,FREN,1773,Intermediate French II,GPS
FREN1774,FREN,1774,Intermediate French II,OC
FREN1775,FREN,1775,Intermediate French,LAI
FREN1776,FREN,1776,Intermediate French,GPS
FREN1777,FREN,1777,Advanced French II,GPS
FREN1778,FREN,1778,Intro to French Lit III,CIE
FREN1779,FREN,1779,Literature on Human Rights,CIE
FREN1780,FREN,1780,Literature on Human Rights,HD
FREN1781,FREN,1781,Vampires in French Literature,GPS
FREN1782,FREN,1782,Francophone Cultures,HD
FREN1783,FREN,1783,French Women Writers,HD
GEOL1784,GEOL,1784,Earth Systems,ES
GEOL1785,GEOL,1785,Oceanography,ES
GEOL1786,GEOL,1786,The Solar System,ES
GEOL1787,GEOL,1787,Earthquakes and Volcanoes,ES
GEOL1788,GEOL,1788,Intro to Environmental Science,ES
GEOL1789,GEOL,1789,Earth Tectonics and Interior,ES
GEOL1790,GEOL,1790,Computer Methods,QA
GERM1791,GERM,1791,Beginning German II,SLM
GERM1792,GERM,1792,"Culture, Grammar, & Literature",CA
GERM1793,GERM,1793,"Culture, Grammar, & Literature",CAA
GERM1794,GERM,1794,"Culture, Grammar, & Literature",LAI
GERM1795,GERM,1795,"Culture, Grammar, & Literature",GPS
GERM1796,GERM,1796,Talking and Writing in German,W
GRE1797,GRE,1797,Beginning Ancient Greek II,SLC
GRE1798,GRE,1798,Intermediate Greek I,LAI
HDEV1799,HDEV,1799,Academic/Personal Development,OC
HDEV1800,HDEV,1800,Success Strategies,OC
HIST1801,HIST,1801,Western Civilization to 1527,HC
HIST1802,HIST,1802,Western Civilization to 1527,OC
HIST1803,HIST,1803,Western Civil Since 1527,HC
HIST1804,HIST,1804,Introductory Topics/Amer Hist,HC
HIST1805,HIST,1805,Introductory Topics/Amer Hist,HD
HIST1806,HIST,1806,Introductory Topics/Amer Hist,OC
HIST1807,HIST,1807,Introductory Topics/Amer Hist,W
HIST1808,HIST,1808,Introductory Topics/Europe,HC
HIST1809,HIST,1809,Introductory Topics/Europe,W
HIST1810,HIST,1810,Doing Digital History,TAS
HIST1811,HIST,1811,Human Rights in South Africa,HC
HIST1812,HIST,1812,Human Rights in South Africa,GPS
HIST1813,HIST,1813,Human Rights in South Africa,HD
HIST1814,HIST,1814,Artists and Amer Revolution,HC
HIST1815,HIST,1815,The Kids Are All Right,HC
HIST1816,HIST,1816,The Kids Are All Right,W
HIST1817,HIST,1817,Out of Many:US History to 1877,HC
HIST1818,HIST,1818,Unfinished Nation:US 1877-Pres,HC
HIST1819,HIST,1819,African American Pop Culture,HC
HIST1820,HIST,1820,African American Pop Culture,HD
HIST1821,HIST,1821,On the Edges of Empire,HC
HIST1822,HIST,1822,Modern China,HC
HIST1823,HIST,1823,Russian Culture,CA
HIST1824,HIST,1824,Russian Culture,CAA
HIST1825,HIST,1825,Russian Culture,GPS
HIST1826,HIST,1826,Human Rights Modern South Asia,HC
HIST1827,HIST,1827,Human Rights Modern South Asia,GPS
HIST1828,HIST,1828,Human Rights Modern South Asia,HD
HIST1829,HIST,1829,Radical Church,PREI
HIST1830,HIST,1830,US Sports History,HC
HIST1831,HIST,1831,US Sports History,HD
HIST1832,HIST,1832,History of Capitalism I,HC
HIST1833,HIST,1833,History of Capitalism I,GPS
HIST1834,HIST,1834,History of Capitalism I,W
HIST1835,HIST,1835,Medieval World: 306 to 1095,HC
HIST1836,HIST,1836,Medieval World: 1095 to 1350,HC
HIST1837,HIST,1837,Greek Mythology and History,HC
HIST1838,HIST,1838,Greek Mythology and History,W
HIST1839,HIST,1839,"Europe in Mod World, Ren-1760",HC
HIST1840,HIST,1840,"Europe in Mod World, 1760-Pres",HC
HIST1841,HIST,1841,A History of Islamic States,HC
HIST1842,HIST,1842,A History of Islamic States,HD
HIST1843,HIST,1843,Latin America: Colonial Period,HC
HIST1844,HIST,1844,Latin America in Modern Era,HC
HIST1845,HIST,1845,Civilization of India,HC
HIST1846,HIST,1846,Civilization of India,HD
HIST1847,HIST,1847,Africa to the 19th Century,HC
HIST1848,HIST,1848,Africa to the 19th Century,GPS
HIST1849,HIST,1849,Africa to the 19th Century,HD
HIST1850,HIST,1850,Modern Africa,HC
HIST1851,HIST,1851,Modern Africa,GPS
HIST1852,HIST,1852,Modern Africa,HD
HIST1853,HIST,1853,China Before 1850,HC
HIST1854,HIST,1854,China Before 1850,HD
HIST1855,HIST,1855,Modern East Asia,HC
HIST1856,HIST,1856,Modern East Asia,HD
HIST1857,HIST,1857,Human Rights:America's Dilemma,HC
HIST1858,HIST,1858,Human Rights:America's Dilemma,CE
HIST1859,HIST,1859,Human Rights:America's Dilemma,W
HIST1860,HIST,1860,African Americans&Civil Rights,HC
HIST1861,HIST,1861,African Americans&Civil Rights,HD
HIST1862,HIST,1862,The US and the Cold War,HC
HIST1863,HIST,1863,N.American Envirnomental Hist,HC
HIST1864,HIST,1864,Problems in American History,HC
HIST1865,HIST,1865,Problems in American History,W
HIST1866,HIST,1866,19th Century American West,HC
HIST1867,HIST,1867,19th Century American West,HD
HIST1868,HIST,1868,Women in US History to 1900,HC
HIST1869,HIST,1869,Women in US History to 1900,HD
HIST1870,HIST,1870,Women in US History to 1900,W
HIST1871,HIST,1871,African Amer in US 1607-1877,HC
HIST1872,HIST,1872,African Amer in US 1607-1877,HD
HIST1873,HIST,1873,"African Amer in US, 1877-Pres",HC
HIST1874,HIST,1874,"African Amer in US, 1877-Pres",HD
HIST1875,HIST,1875,History of Sex in America,HC
HIST1876,HIST,1876,History of Sex in America,HD
HIST1877,HIST,1877,History of Sex in America,W
HIST1878,HIST,1878,Sexual Minorities/Human Rights,HC
HIST1879,HIST,1879,Sexual Minorities/Human Rights,GPS
HIST1880,HIST,1880,Sexual Minorities/Human Rights,HD
HIST1881,HIST,1881,Sexual Minorities/Human Rights,W
HIST1882,HIST,1882,History of Ancient China,HC
HIST1883,HIST,1883,History of Ancient China,W
HIST1884,HIST,1884,Texas History,HC
HIST1885,HIST,1885,Texas History,HD
HIST1886,HIST,1886,Texas History,W
HIST1887,HIST,1887,The French Revolution,HC
HIST1888,HIST,1888,Amer Rel History Before 1865,PREI
HIST1889,HIST,1889,Amer Rel History Before 1865,HD
HIST1890,HIST,1890,Mexican Americans:1848-Present,HC
HIST1891,HIST,1891,Mexican Americans:1848-Present,HD
HIST1892,HIST,1892,Mexican Americans:1848-Present,W
HIST1893,HIST,1893,US Religious History From 1865,HC
HIST1894,HIST,1894,US Religious History From 1865,W
HIST1895,HIST,1895,Women in US History From 1865,HC
HIST1896,HIST,1896,Women in US History From 1865,HD
HIST1897,HIST,1897,History of Modern Germany,HC
HIST1898,HIST,1898,History of Modern Germany,GPS
HIST1899,HIST,1899,History of Modern Germany,W
HIST1900,HIST,1900,Women in Early Mod Europe,HC
HIST1901,HIST,1901,Women in Early Mod Europe,HD
HIST1902,HIST,1902,France Since 1789,HC
HIST1903,HIST,1903,France Since 1789,GPS
HIST1904,HIST,1904,"One King, One Law:France",HC
HIST1905,HIST,1905,United States Cultural History,HC
HIST1906,HIST,1906,"History of Spain, 1469-Pres",HC
HIST1907,HIST,1907,Rev Exper in Russia:1900-1930,HC
HIST1908,HIST,1908,Rev Exper in Russia:1900-1930,GPS
HIST1909,HIST,1909,Soviet/Post-Soviet Soc & Pol,HC
HIST1910,HIST,1910,Soviet/Post-Soviet Soc & Pol,GPS
HIST1911,HIST,1911,Bollywood: Cinema in India,HC
HIST1912,HIST,1912,Bollywood: Cinema in India,GPS
HIST1913,HIST,1913,Civil War and Reconstruction,HC
HIST1914,HIST,1914,Changing American Families,HC
HIST1915,HIST,1915,Changing American Families,HD
HIST1916,HIST,1916,Changing American Families,W
HIST1917,HIST,1917,A History of Ancient Egypt,HC
HIST1918,HIST,1918,History of Ancient Near East,HC
HIST1919,HIST,1919,Class/Gender in Ancient Soc,HC
HIST1920,HIST,1920,Class/Gender in Ancient Soc,HD
HIST1921,HIST,1921,The Renaissance,HC
HIST1922,HIST,1922,The Renaissance,OC
HIST1923,HIST,1923,The Renaissance,W
HIST1924,HIST,1924,Europe Age of Reformation,HC
HIST1925,HIST,1925,Europe Age of Reformation,W
HIST1926,HIST,1926,Roman History and Roman Mind,HC
HIST1927,HIST,1927,The Holocaust,HC
HIST1928,HIST,1928,The Holocaust,W
HIST1929,HIST,1929,History Consumer Culture in US,HC
HIST1930,HIST,1930,Problems in European History,HC
HIST1931,HIST,1931,Digital History,HC
HIST1932,HIST,1932,Colonial America,HC
HIST1933,HIST,1933,Colonial America,W
HIST1934,HIST,1934,The American Revolution,HC
HIST1935,HIST,1935,The American Revolution,W
HIST1936,HIST,1936,Diplomacy in Europe,HC
HIST1937,HIST,1937,History of South Africa,HC
HIST1938,HIST,1938,History of South Africa,GPS
HIST1939,HIST,1939,History of South Africa,W
HIST1940,HIST,1940,Cultural History of New Mexico,HC
HIST1941,HIST,1941,Cultural History of New Mexico,HD
HIST1942,HIST,1942,Cultural History of New Mexico,OC
HIST1943,HIST,1943,First World War and Its Impact,HC
HIST1944,HIST,1944,First World War and Its Impact,W
HIST1945,HIST,1945,History of Mexico,HC
HIST1946,HIST,1946,D-Day 1944: Operation Overlord,HC
HIST1947,HIST,1947,D-Day 1944: Operation Overlord,OC
HIST1948,HIST,1948,D-Day 1944: Operation Overlord,W
HIST1949,HIST,1949,Problems in Middle East Hist,HC
HIST1950,HIST,1950,Problems in Middle East Hist,GPS
HIST1951,HIST,1951,Problems in Middle East Hist,HD
HIST1952,HIST,1952,Modern Middle East 1914-Presnt,HC
HIST1953,HIST,1953,Modern Middle East 1914-Presnt,HD
HIST1954,HIST,1954,Problems in Asian History,HC
HIST1955,HIST,1955,Problems in Asian History,GPS
HIST1956,HIST,1956,Problems in Asian History,HD
HIST1957,HIST,1957,Coexistence & Conflict in ME,HC
HIST1958,HIST,1958,Coexistence & Conflict in ME,GPS
HIST1959,HIST,1959,Coexistence & Conflict in ME,HD
HIST1960,HIST,1960,Jnr Seminar Research&Writing,OC
HRTS1961,HRTS,1961,Diversity Foundations,HD
HRTS1962,HRTS,1962,Human Rights in South Africa,HC
HRTS1963,HRTS,1963,Human Rights in South Africa,GPS
HRTS1964,HRTS,1964,Human Rights in South Africa,HD
HRTS1965,HRTS,1965,Human Rights in South Asia,HC
HRTS1966,HRTS,1966,Human Rights in South Asia,GPS
HRTS1967,HRTS,1967,Human Rights in South Asia,HD
HRTS1968,HRTS,1968,Human Rights:Amer Dilemma,HC
HRTS1969,HRTS,1969,Human Rights:Amer Dilemma,CE
HRTS1970,HRTS,1970,Human Rights:Amer Dilemma,W
HRTS1971,HRTS,1971,Ethnoviolence,HD
HRTS1972,HRTS,1972,Sexual Minorities/Human Rights,HC
HRTS1973,HRTS,1973,Sexual Minorities/Human Rights,GPS
HRTS1974,HRTS,1974,Sexual Minorities/Human Rights,HD
HRTS1975,HRTS,1975,Sexual Minorities/Human Rights,W
HRTS1976,HRTS,1976,"War, Looting Ancient Art",HC
HRTS1977,HRTS,1977,"War, Looting Ancient Art",CIE
HRTS1978,HRTS,1978,The Harkis,HC
HRTS1979,HRTS,1979,The Harkis,HD
HRTS1980,HRTS,1980,Failure of Humanity in Rwanda,HC
HRTS1981,HRTS,1981,Failure of Humanity in Rwanda,HD
HRTS1982,HRTS,1982,Health as a Human Right,SBS
HRTS1983,HRTS,1983,Health as a Human Right,CE
HRTS1984,HRTS,1984,Health as a Human Right,GPS
HRTS1985,HRTS,1985,Health as a Human Right,HD
HRTS1986,HRTS,1986,Postcolonial France,HC
HRTS1987,HRTS,1987,Postcolonial France,HD
HRTS1988,HRTS,1988,Ethics and Human Rights,GPS
HRTS1989,HRTS,1989,Ethics and Human Rights,HD
INTL1990,INTL,1990,Intro to International Studies,SBS
ITAL1991,ITAL,1991,Beginning Italian: Second Term,SLM
ITAL1992,ITAL,1992,Accelerated Beginning Italian,SLM
ITAL1993,ITAL,1993,Accelerated Beginning Italian,GPS
ITAL1994,ITAL,1994,Intermediate Italian-2nd Term,GPS
ITAL1995,ITAL,1995,Intermediate Italian-2nd Term,OC
ITAL1996,ITAL,1996,Intermediate Italian-1st Term,LAI
ITAL1997,ITAL,1997,Intermediate Italian-1st Term,GPS
ITAL1998,ITAL,1998,Italian Culture,GPS
ITOM1999,ITOM,1999,Information Systems for Mgmt,TAS
JAPN2000,JAPN,2000,Beginning Japanese: 2nd Term,SLM
JAPN2001,JAPN,2001,Intermediate Japanese,LAI
JAPN2002,JAPN,2002,Intermediate Japanese,GPS
JOUR2003,JOUR,2003,Ethics of Covergent Media,PREI
JOUR2004,JOUR,2004,News Reporting,W
JOUR2005,JOUR,2005,Advanced News Reporting,CE
JOUR2006,JOUR,2006,Advanced News Reporting,W
JOUR2007,JOUR,2007,Mass Media in Great Britain,GPS
JOUR2008,JOUR,2008,Magazine Writing,CE
JOUR2009,JOUR,2009,Magazine Writing,W
JOUR2010,JOUR,2010,Feature Writing,CE
JOUR2011,JOUR,2011,Feature Writing,W
JOUR2012,JOUR,2012,Business and Journalism,QA
JOUR2013,JOUR,2013,"Race, Class & Gender in Media",HD
JWST2014,JWST,2014,Introduction to Jewish Studies,GPS
JWST2015,JWST,2015,Introduction to Jewish Studies,HD
LATN2016,LATN,2016,Beginning Latin II,SLC
LATN2017,LATN,2017,Second-Year Latin,LAI
MATH2018,MATH,2018,Intro to Math Sciences,QR
MATH2019,MATH,2019,Calculus Busi-Social Sci,QR
MATH2020,MATH,2020,Calculus I,QR
MATH2021,MATH,2021,Consolidated Calculus,QR
MATH2022,MATH,2022,Intro. to Proof and Analysis,W
MATH2023,MATH,2023,Differential Equations,QA
MDVL2024,MDVL,2024,The Pilgrimage: Medieval,LAI
MDVL2025,MDVL,2025,The Pilgrimage: Medieval,W
ME2026,ME,2026,Intro: Mechanical Engineering,TAS
ME2027,ME,2027,Professional Development,CIE
ME2028,ME,2028,Professional Development,OC
MNO2029,MNO,2029,Corp Social Responsibility,W
MNO2030,MNO,2030,Global & Public Health Impact,CE
MNO2031,MNO,2031,Global & Public Health Impact,GPS
MNO2032,MNO,2032,Global & Public Health Impact,HD
MNO2033,MNO,2033,Leadership and Culture,HD
MPED2034,MPED,2034,Intro Instrument Pedagogy,OC
MSA2035,MSA,2035,International Studies in Arts,CA
MSA2036,MSA,2036,International Studies in Arts,CAA
MSA2037,MSA,2037,International Studies in Arts,GPS
MUED2038,MUED,2038,Instrumental Methods/Materials,CE
MUED2039,MUED,2039,Chrl Mus Methods and Matl,CE
MUHI2040,MUHI,2040,Music in World Societies,CA
MUHI2041,MUHI,2041,Music in World Societies,CAA
MUHI2042,MUHI,2042,Music in World Societies,HD
MUHI2043,MUHI,2043,Music in History and Culture,CA
MUHI2044,MUHI,2044,Music in History and Culture,CAA
MUHI2045,MUHI,2045,Music in History and Culture,HD
MUHI2046,MUHI,2046,African-Am. Classical Music,HC
MUHI2047,MUHI,2047,Music: Contemp Audiences,CA
MUHI2048,MUHI,2048,Music: Contemp Audiences,CAA
MUHI2049,MUHI,2049,Jazz: Tradition/Transform,CA
MUHI2050,MUHI,2050,Jazz: Tradition/Transform,CAA
MUTH2051,MUTH,2051,Music Fundamentals,CA
MUTH2052,MUTH,2052,Music Fundamentals,CAA
MUTH2053,MUTH,2053,Form and Analysis,W
MUTY2054,MUTY,2054,Music Therapy Practicum V,CE
MUTY2055,MUTY,2055,Research in Music Therapy,QA
OREM2056,OREM,2056,Practical Intro Data Science,TAS
OREM2057,OREM,2057,Practical Intro Data Science,QA
OREM2058,OREM,2058,Computing Technology,TAS
OREM2059,OREM,2059,Computing Technology,OC
OREM2060,OREM,2060,Cult & Ethic Implic of Tech,TAS
OREM2061,OREM,2061,Cult & Ethic Implic of Tech,CIE
OREM2062,OREM,2062,Senior Design,OC
PERB2063,PERB,2063,Music Theatre Workshop: Abroad,CE
PHIL2064,PHIL,2064,Intro to Critical Thinking,PREI
PHIL2065,PHIL,2065,Elementary Logic,PREI
PHIL2066,PHIL,2066,Introduction to Philosophy,PREI
PHIL2067,PHIL,2067,Introduction to Philosophy,PREI
PHIL2068,PHIL,2068,Introduction to Ethics,PREI
PHIL2069,PHIL,2069,Business Ethics,PREI
PHIL2070,PHIL,2070,Contemporary Moral Problems,PREI
PHIL2071,PHIL,2071,"Technology, Society, and Value",PREI
PHIL2072,PHIL,2072,Problems Philosophy of Relig,PREI
PHIL2073,PHIL,2073,Philosophy and Gender,PREI
PHIL2074,PHIL,2074,Advanced Topics in Philosophy,PREI
PHIL2075,PHIL,2075,Philosophy of Language,PREI
PHIL2076,PHIL,2076,Knowledge and Skepticism,PREI
PHIL2077,PHIL,2077,Metaphysics,PREI
PHIL2078,PHIL,2078,Philosophy of Mind,PREI
PHIL2079,PHIL,2079,"Minds, Brains, and Robotics",PREI
PHIL2080,PHIL,2080,Philosophy of Perception,PREI
PHIL2081,PHIL,2081,Philosophy of Perception,W
PHIL2082,PHIL,2082,"Colors, Sounds, & Other Appear",W
PHIL2083,PHIL,2083,"Identity, Persons, & Other Obj",PREI
PHIL2084,PHIL,2084,"Identity, Persons, & Other Obj",W
PHIL2085,PHIL,2085,Causation,PREI
PHIL2086,PHIL,2086,Causation,W
PHIL2087,PHIL,2087,"Time, Space, and Metaphysics",PREI
PHIL2088,PHIL,2088,"Time, Space, and Metaphysics",OC
PHIL2089,PHIL,2089,"Time, Space, and Metaphysics",W
PHIL2090,PHIL,2090,Pleasure and Pain,PREI
PHIL2091,PHIL,2091,Pleasure and Pain,W
PHIL2092,PHIL,2092,Philosophy of Psyc and Neuro,PREI
PHIL2093,PHIL,2093,Philosophy of Psyc and Neuro,W
PHIL2094,PHIL,2094,Consciousness,PREI
PHIL2095,PHIL,2095,Consciousness,OC
PHIL2096,PHIL,2096,Consciousness,W
PHIL2097,PHIL,2097,Hist Westrn Phil-Ancient,PREI
PHIL2098,PHIL,2098,Hist of Western Phil (Modern),PREI
PHIL2099,PHIL,2099,"Creativity, Discovery, Science",PREI
PHIL2100,PHIL,2100,Philosophy of Biology,PREI
PHIL2101,PHIL,2101,Social Political Philosophy,CIE
PHIL2102,PHIL,2102,Liberty,PREI
PHIL2103,PHIL,2103,Philosophy of Law,PREI
PHIL2104,PHIL,2104,Topics in Moral Philosophy,PREI
PHIL2105,PHIL,2105,Bioethics,CIE
PHIL2106,PHIL,2106,Animal Rights,CIE
PHIL2107,PHIL,2107,The Good Life,CIE
PHIL2108,PHIL,2108,Environmental Ethics,CIE
PHIL2109,PHIL,2109,"Ethics: Morality,self-Interest",PREI
PHIL2110,PHIL,2110,Neuroethics,CIE
PHIL2111,PHIL,2111,The Ethics of Sport,CIE
PHIL2112,PHIL,2112,The Ethics of Sport,OC
PHIL2113,PHIL,2113,Feminist Philosophy,CIE
PHYS2114,PHYS,2114,Mechanics Laboratory,ES
PHYS2115,PHYS,2115,Mechanics Laboratory,ES9
PHYS2116,PHYS,2116,Electricity and Magnetism Lab,ES
PHYS2117,PHYS,2117,Electricity and Magnetism Lab,ES9
PHYS2118,PHYS,2118,Electricity and Magnetism Lab,QA
PHYS2119,PHYS,2119,The Ideas of Modern Physics,ES
PHYS2120,PHYS,2120,The Ideas of Modern Physics,QA
PHYS2121,PHYS,2121,Introductory Mechanics,ES
PHYS2122,PHYS,2122,Introductory Mechanics,ES8
PHYS2123,PHYS,2123,Intro Electricity & Magnetism,ES
PHYS2124,PHYS,2124,Intro Electricity & Magnetism,ES8
PHYS2125,PHYS,2125,Intro Electricity & Magnetism,QA
PHYS2126,PHYS,2126,General Physics I,ES
PHYS2127,PHYS,2127,General Physics I,ES8
PHYS2128,PHYS,2128,General Physics II,ES
PHYS2129,PHYS,2129,General Physics II,ES8
PHYS2130,PHYS,2130,General Physics II,QA
PHYS2131,PHYS,2131,Elements of Astronomy,ES
PHYS2132,PHYS,2132,Musical Acoustics,ES
PHYS2133,PHYS,2133,Introduction to Modern Physics,OC
PHYS2134,PHYS,2134,Physics of Music,ES
PLSC2135,PLSC,2135,Intro Amer Govt-Politics,SBS
PLSC2136,PLSC,2136,Intro to Comparative Politics,SBS
PLSC2137,PLSC,2137,Introduction Political Theory,CIE
PLSC2138,PLSC,2138,Intro Internatl Relations,SBS
PLSC2139,PLSC,2139,Congress & Legis Process,HC
PLSC2140,PLSC,2140,"Law, Politics & Supreme Court",SBS
PLSC2141,PLSC,2141,"Law, Politics & Supreme Court",W
PLSC2142,PLSC,2142,Pub Opinion & Amer Politics,W
PLSC2143,PLSC,2143,Western European Politics,W
PLSC2144,PLSC,2144,Comparative Law,SBS
PLSC2145,PLSC,2145,Making Democracy Work,SBS
PLSC2146,PLSC,2146,Making Democracy Work,W
PLSC2147,PLSC,2147,Govt & Pol of Africa,SBS
PLSC2148,PLSC,2148,Govt & Pol of Africa,HD
PLSC2149,PLSC,2149,Govt & Pol of Latin America,SBS
PLSC2150,PLSC,2150,Politics of Major Latin Amer,SBS
PLSC2151,PLSC,2151,Chinese Politics,W
PLSC2152,PLSC,2152,Govt & Pol of Russia,W
PLSC2153,PLSC,2153,Foundations of Polit Thought,CIE
PLSC2154,PLSC,2154,Foundations of Polit Thought,W
PLSC2155,PLSC,2155,Modern Political Thought,CIE
PLSC2156,PLSC,2156,American Political Thought,W
PLSC2157,PLSC,2157,Internationl Political Economy,SBS
PLSC2158,PLSC,2158,Internationl Political Economy,W
PLSC2159,PLSC,2159,Rights & Representation,CIE
PLSC2160,PLSC,2160,Gender in World Politics,HD
PLSC2161,PLSC,2161,Islam and Politics,GPS
PLSC2162,PLSC,2162,Movements and Protests,GPS
PLSC2163,PLSC,2163,Religion and Politics,CIE
PLSC2164,PLSC,2164,Republicanism & Good Society,CIE
PLSC2165,PLSC,2165,The Republican Hero,CIE
PLSC2166,PLSC,2166,Revolution and Disobedience,CIE
PPIA2167,PPIA,2167,Gateway to Global Policymaking,OC
PPIA2168,PPIA,2168,Gateway to Global Policymaking,W
PRW2169,PRW,2169,"Self, Identity, and Community",CE
PRW2170,PRW,2170,"Self, Identity, and Community",CIE
PRW2171,PRW,2171,"Self, Identity, and Community",OC
PRW2172,PRW,2172,"Self, Identity, and Community",W
PRW2173,PRW,2173,Pers.Responsibility&Community,CE
PRW2174,PRW,2174,Pers.Responsibility&Community,CIE
PRW2175,PRW,2175,Pers.Responsibility&Community,OC
PSYC2176,PSYC,2176,Introduction to Psychology,SBS
PSYC2177,PSYC,2177,Developmental Psychology,SBS
PSYC2178,PSYC,2178,Research Methods in Psychology,W
PSYC2179,PSYC,2179,Social Psychology,SBS
PSYC2180,PSYC,2180,Social Psychology,HD
PSYC2181,PSYC,2181,Health Psychology,HD
PSYC2182,PSYC,2182,Positive Psychology,SBS
PSYC2183,PSYC,2183,Positive Psychology,CE
PSYC2184,PSYC,2184,Multicultural Psychology,HD
PSYC2185,PSYC,2185,Introduction to Clinical Psyc,OC
PSYC2186,PSYC,2186,History of Psychology,HC
PSYC2187,PSYC,2187,History of Psychology,OC
PSYC2188,PSYC,2188,Dept Distinction in Psychology,OC
RELI2189,RELI,2189,Religious Literacy,PREI
RELI2190,RELI,2190,Religious Literacy,GPS
RELI2191,RELI,2191,Religious Literacy,HD
RELI2192,RELI,2192,Intro to Asian Religions,PREI
RELI2193,RELI,2193,Intro to Asian Religions,GPS
RELI2194,RELI,2194,Intro to Western Religions,PREI
RELI2195,RELI,2195,Introduction Primal Religions,PREI
RELI2196,RELI,2196,"Judaism,Christianty& the Bible",PREI
RELI2197,RELI,2197,Probs Philosophy of Relig,CIE
RELI2198,RELI,2198,Probs Philosophy of Relig,W
RELI2199,RELI,2199,Christian Theology,PREI
RELI2200,RELI,2200,Hinduism,PREI
RELI2201,RELI,2201,Buddhism,PREI
RELI2202,RELI,2202,Bioethics-Christian Persp,PREI
RELI2203,RELI,2203,Soc Scientific Study Reli,SBS
RELI2204,RELI,2204,Soc Scientific Study Reli,CIE
RELI2205,RELI,2205,Soc Scientific Study Reli,HD
RELI2206,RELI,2206,Soc Scientific Study Reli,W
RELI2207,RELI,2207,Religion and Science,PREI
RELI2208,RELI,2208,Old Testament,PREI
RELI2209,RELI,2209,Old Testament,W
RELI2210,RELI,2210,Religion and the Holocaust,HC
RELI2211,RELI,2211,Religion and the Holocaust,W
RELI2212,RELI,2212,New Testament,PREI
RELI2213,RELI,2213,Islam,PREI
RELI2214,RELI,2214,History of Christianity,PREI
RELI2215,RELI,2215,Dallas' Houses of Worship,PREI
RELI2216,RELI,2216,Dallas' Houses of Worship,OC
RELI2217,RELI,2217,Dallas' Houses of Worship,W
RELI2218,RELI,2218,Love and Death,PREI
RELI2219,RELI,2219,Love and Death,OC
RELI2220,RELI,2220,Love and Death,W
RELI2221,RELI,2221,Religions in the Southwest,PREI
RELI2222,RELI,2222,Religions in the Southwest,HD
RELI2223,RELI,2223,Islam and the West,PREI
RELI2224,RELI,2224,Understndg Self:East/West,PREI
RELI2225,RELI,2225,"Magic, Myth and Religion",PREI
RELI2226,RELI,2226,Wholeness&Holiness:Relig,PREI
RELI2227,RELI,2227,Theology and Economics,CIE
RELI2228,RELI,2228,Theology and Economics,OC
RELI2229,RELI,2229,The Feminine Divine,PREI
RELI2230,RELI,2230,The Cultural History of Tibet,PREI
RELI2231,RELI,2231,Religions of China,PREI
RELI2232,RELI,2232,Plants of the Gods,PREI
RELI2233,RELI,2233,"Religion, Gender & Development",SBS
RELI2234,RELI,2234,"Religion, Gender & Development",HD
RELI2235,RELI,2235,"Religion, Gender & Development",W
RELI2236,RELI,2236,Mysticism,PREI
RELI2237,RELI,2237,Mysticism,OC
RELI2238,RELI,2238,Reel Judaism,CA
RELI2239,RELI,2239,Reel Judaism,CAA
RELI2240,RELI,2240,Reel Judaism,HD
RELI2241,RELI,2241,Reel Judaism,OC
RELI2242,RELI,2242,"Myths, Epics, Tales - India",LAI
RELI2243,RELI,2243,Anti-Semitism,PREI
RELI2244,RELI,2244,Anti-Semitism,HD
RELI2245,RELI,2245,Anti-Semitism,OC
RUSS2246,RUSS,2246,Beginning Russian II,SLM
RUSS2247,RUSS,2247,Intermediate Russian I,LAI
RUSS2248,RUSS,2248,Intermediate Russian I,GPS
RUSS2249,RUSS,2249,Advanced Russian I,CIE
RUSS2250,RUSS,2250,Advanced Russian I,HD
SOCI2251,SOCI,2251,Introduction to Sociology,SBS
SOCI2252,SOCI,2252,Social Problems,SBS
SOCI2253,SOCI,2253,Social Problems,HD
SOCI2254,SOCI,2254,"Health, Healing and Ethics",PREI
SOCI2255,SOCI,2255,"Health, Healing and Ethics",W
SOCI2256,SOCI,2256,Race and Ethnicity in Us,SBS
SOCI2257,SOCI,2257,Race and Ethnicity in Us,HD
SOCI2258,SOCI,2258,Race and Ethnicity in Us,W
SOCI2259,SOCI,2259,Social Sci Research Methods,W
SOCI2260,SOCI,2260,Database Methods and Analysis,QA
SOCI2261,SOCI,2261,Database Methods and Analysis,W
SOCI2262,SOCI,2262,Soc-Scientific Study Religion,SBS
SOCI2263,SOCI,2263,Nonprofit Orgs: Concept Primer,SBS
SOCI2264,SOCI,2264,Nonprofit Orgs: Concept Primer,OC
SOCI2265,SOCI,2265,Nonprofits at Work,CE
SOCI2266,SOCI,2266,Constructed Social Identities,SBS
SOCI2267,SOCI,2267,Constructed Social Identities,HD
SOCI2268,SOCI,2268,Global Society,SBS
SOCI2269,SOCI,2269,Global Society,GPS
SOCI2270,SOCI,2270,Sociology of the Family,SBS
SOCI2271,SOCI,2271,Sociology of the Family,OC
SOCI2272,SOCI,2272,Sociology of the Family,W
SOCI2273,SOCI,2273,Law and Society,SBS
SOCI2274,SOCI,2274,Global Urbanism,GPS
SOCI2275,SOCI,2275,Global Urbanism,W
SOCI2276,SOCI,2276,U.S. Urbanism,HD
SOCI2277,SOCI,2277,U.S. Urbanism,W
SOCI2278,SOCI,2278,Minority-Dominant Relations,SBS
SOCI2279,SOCI,2279,Minority-Dominant Relations,HD
SOCI2280,SOCI,2280,Minority-Dominant Relations,W
SOCI2281,SOCI,2281,Sociology of Gender,SBS
SOCI2282,SOCI,2282,Sociology of Gender,HD
SOCI2283,SOCI,2283,Cont Issues in American Sowest,SBS
SOCI2284,SOCI,2284,Cont Issues in American Sowest,HD
SOCI2285,SOCI,2285,Organizations & Their Environ,SBS
SPAN2286,SPAN,2286,Beginning Spanish II,SLM
SPAN2287,SPAN,2287,Beg Span With Intensive Review,SLM
SPAN2288,SPAN,2288,Intermediate Spanish II,GPS
SPAN2289,SPAN,2289,Intermediate Spanish: Health,GPS
SPAN2290,SPAN,2290,Intermediate Heritage Span II,CIE
SPAN2291,SPAN,2291,Intermediate Heritage Span II,HD
SPAN2292,SPAN,2292,Intermediate Spanish I,LAI
SPAN2293,SPAN,2293,Intermediate Spanish I,GPS
SPAN2294,SPAN,2294,Advanced Spanish,OC
SPAN2295,SPAN,2295,Adv Span for Heritage Speakers,OC
SPAN2296,SPAN,2296,Spanish Civilization in Madrid,GPS
SPAN2297,SPAN,2297,Literature and Leadership,CIE
SPAN2298,SPAN,2298,Conversations and Community,CE
STAT2299,STAT,2299,Intro Statistical Methods,QR
THEA2300,THEA,2300,Embodied Practice,CA
THEA2301,THEA,2301,Embodied Practice,CAA
THEA2302,THEA,2302,Acting 2,CA
THEA2303,THEA,2303,Acting 2,CAC
THEA2304,THEA,2304,Acting 2,OC
THEA2305,THEA,2305,Theatre Movement for Nonmajors,CA
THEA2306,THEA,2306,Theatre Movement for Nonmajors,CAC
THEA2307,THEA,2307,The Art of Acting,CA
THEA2308,THEA,2308,The Art of Acting,CAC
THEA2309,THEA,2309,The Art of Acting,OC
THEA2310,THEA,2310,Fashion History & Culture,CA
THEA2311,THEA,2311,Fashion History & Culture,CAA
THEA2312,THEA,2312,Spectacle of Performance,CA
THEA2313,THEA,2313,Spectacle of Performance,CAA
THEA2314,THEA,2314,Spectacle of Performance,OC
THEA2315,THEA,2315,Text Analysis,LAI
THEA2316,THEA,2316,Playwriting 2,W
THEA2317,THEA,2317,Thea and Drama History 1,HC
THEA2318,THEA,2318,Theatre and Drama History 2,HD
THEA2319,THEA,2319,"Studies:Theatre,Drama,Perform",CA
THEA2320,THEA,2320,"Studies:Theatre,Drama,Perform",CAA
THEA2321,THEA,2321,"Studies:Theatre,Drama,Perform",HD
THEA2322,THEA,2322,"Studies:Theatre,Drama,Perform",W
UHP2323,UHP,2323,The Greater Dallas Experience,LAI
UHP2324,UHP,2324,The Greater Dallas Experience,HD
UHP2325,UHP,2325,The Greater Dallas Experience,W
UHP2326,UHP,2326,Second Year Honors Seminar,LAI
UHP2327,UHP,2327,Second Year Honors Seminar,HD
UHP2328,UHP,2328,Second Year Honors Seminar,W
WGST2329,WGST,2329,Gender:Images and Perspectives,SBS
WGST2330,WGST,2330,Gender:Images and Perspectives,HD
WGST2331,WGST,2331,"Gender, Violence, and Health",SBS
WGST2332,WGST,2332,"Gender, Violence, and Health",HD
WGST2333,WGST,2333,"Gender, Violence, and Health",OC
WGST2334,WGST,2334,Intro to Transgender Studies,LAI
WGST2335,WGST,2335,Intro to Transgender Studies,HD
WGST2336,WGST,2336,Intro to Transgender Studies,W
WGST2337,WGST,2337,Feminist Theory & Spec Fiction,HD
WGST2338,WGST,2338,Feminist Theory & Spec Fiction,OC
WGST2339,WGST,2339,Human Sexuality,SBS
WGST2340,WGST,2340,Human Sexuality,HD
WL2341,WL,2341,Spanish Civilization,LAI
WL2342,WL,2342,Catholic Literature & Theology,PREI
WL2343,WL,2343,Catholic Literature & Theology,W
WL2344,WL,2344,Intro to Literary Translation,LAI
WL2345,WL,2345,Intro to Gen Linguistics,SBS
WL2346,WL,2346,French Cinema: 1945- Present,TAS
WL2347,WL,2347,French Cinema: 1945- Present,GPS
WL2348,WL,2348,French Cinema: 1945- Present,HD
WL2349,WL,2349,Food/Identity in the SW,TAS
WL2350,WL,2350,Food/Identity in the SW,HD
WL2351,WL,2351,Continental Philosophy,PREI
WL2352,WL,2352,Continental Philosophy,W
WL2353,WL,2353,"Migration, Asylum&Human Rights",LAI
WL2354,WL,2354,"Migration, Asylum&Human Rights",HD
WL2355,WL,2355,"Migration, Asylum&Human Rights",OC
WL2356,WL,2356,"Migration, Asylum&Human Rights",W
WL2357,WL,2357,Italian American Experience,LAI
WL2358,WL,2358,Italian American Experience,HD
WL2359,WL,2359,Russian Culture,HC
WL2360,WL,2360,Russian Culture,GPS
WL2361,WL,2361,Russian Culture,HD
WL2362,WL,2362,Life Stories from Spain,LAI
WL2363,WL,2363,Introduction to French Cinema,LAI
WL2364,WL,2364,Introduction to French Cinema,W
WL2365,WL,2365,Les Misrables,LAI
WL2366,WL,2366,Les Misrables,GPS
WL2367,WL,2367,Les Misrables,W
WL2368,WL,2368,French Women Writers,LAI
WL2369,WL,2369,French Women Writers,GPS
WL2370,WL,2370,French Women Writers,W
WL2371,WL,2371,The Harkis,HC
WL2372,WL,2372,The Harkis,HD
WL2373,WL,2373,North African Cinema,HC
WL2374,WL,2374,North African Cinema,GPS
WL2375,WL,2375,North African Cinema,HD
WL2376,WL,2376,North African Cinema,W
WL2377,WL,2377,Italian American Cinema,LAI
WL2378,WL,2378,Italian American Cinema,HD
WL2379,WL,2379,20th Cent Germ History & Film,LAI
WL2380,WL,2380,20th Cent Germ History & Film,W
WL2381,WL,2381,Queer Sexualities in France,LAI
WL2382,WL,2382,Queer Sexualities in France,HD
WL2383,WL,2383,Queer Sexualities in France,W
WL2384,WL,2384,Failure of Humanity in Rwanda,HC
WL2385,WL,2385,Failure of Humanity in Rwanda,HD
WL2386,WL,2386,Linguistics and Social Justice,SBS
WL2387,WL,2387,Linguistics and Social Justice,HD
WL2388,WL,2388,Identity in African Cinema,LAI
WL2389,WL,2389,Identity in African Cinema,GPS
WL2390,WL,2390,Identity in African Cinema,HD
WL2391,WL,2391,Identity in African Cinema,W
WL2392,WL,2392,Immigrant Spanish Cinema,LAI
WL2393,WL,2393,Immigrant Spanish Cinema,HD
WL2394,WL,2394,Immigrant Spanish Cinema,OC
WL2395,WL,2395,Postcolonial France,HC
WL2396,WL,2396,Postcolonial France,HD
WL2397,WL,2397,Latam Through Film,LAI
WL2398,WL,2398,Relocating Latino Cultures,LAI
WL2399,WL,2399,Relocating Latino Cultures,HD
WL2400,WL,2400,Relocating Latino Cultures,OC
WL2401,WL,2401,Short Story in Latin America,LAI
WL2402,WL,2402,Short Story in Latin America,OC
WL2403,WL,2403,Intro. to Psycholinguistics,SBS
WL2404,WL,2404,Intro. to Psycholinguistics,W
WL2405,WL,2405,Literature and Nation,LAI
WL2406,WL,2406,Havana as Revolution,GPS
WL2407,WL,2407,Pompeii: Life Interrupted,LAI
WL2408,WL,2408,Modern German Culture,HC
WL2409,WL,2409,GrecoRoman World in Lit & Film,LAI
WL2410,WL,2410,Texas-Mexico Borderlands,LAI
WL2411,WL,2411,Texas-Mexico Borderlands,HD
WL2412,WL,2412,Texas-Mexico Borderlands,OC
WL2413,WL,2413,Latin American Women Writers,LAI
WL2414,WL,2414,Mary in Christian Tradition,LAI
WL2415,WL,2415,Japanese Culture Through Film,LAI
WL2416,WL,2416,Intro to Russian Cinema,CA
WL2417,WL,2417,Intro to Russian Cinema,CAA
WL2418,WL,2418,Intro to Russian Cinema,HD
WL2419,WL,2419,Intro to Russian Cinema,OC
WL2420,WL,2420,Italian Cinema,CA
WL2421,WL,2421,Italian Cinema,CAA
WL2422,WL,2422,Italian Cinema,OC
WL2423,WL,2423,Dante's Poetic Vision,LAI
WL2424,WL,2424,Boccaccio's Decameron,LAI
WL2425,WL,2425,Literature and Leadership,LAI
WL2426,WL,2426,Literature and Leadership,CIE
WL2427,WL,2427,Literature and Leadership,OC
WRTR2428,WRTR,2428,Introduction Academic Writing,AW
WRTR2429,WRTR,2429,Writing and Critical Reasoning,CR
WRTR2430,WRTR,2430,HSP Academic Writing,AW
WRTR2431,WRTR,2431,HSP Critical Reasoning,CR
WRTR2432,WRTR,2432,UHPHonors Humanities Seminar I,AW
WRTR2306,WRTR,2306,Honors Humanities Seminar II,CR
ZAPPOVACT111,ZAPPOVACT,111,Alternative Breaks,CE
ZAPPOVACT212,ZAPPOVACT,212,Engaged Dallas,CE
ZAPPOVACT212,ZAPPOVACT,212,Engaged Dallas,CIE
ZAPPOVACT113,ZAPPOVACT,113,Engaged Dallas- Student Directir and Area Coordinator Peer Leader Role,OC
ZAPPOVACT114,ZAPPOVACT,114,Mustang Heroes,CE
ZAPPOVACT215,ZAPPOVACT,215,Mustang PEP Talks,CIE
ZAPPOVACT215,ZAPPOVACT,215,Mustang PEP Talks,OC
ZAPPOVACT216,ZAPPOVACT,216,Peer Academic Leaders (PAL),CE
ZAPPOVACT216,ZAPPOVACT,216,Peer Academic Leaders (PAL),OC
ZAPPOVACT117,ZAPPOVACT,117,Student Wellness Program,CE
ZAPPOVACT118,ZAPPOVACT,118,Vice President for Student Affairs Advisory Board,CIE
ZAPPOVACT119,ZAPPOVACT,119,Volunteer Income Tax Assistance (VITA),CE
ZAPPOVACT120,ZAPPOVACT,120,Board Fellows Program,CE
ZAPPOVACT121,ZAPPOVACT,121,Spiritual Life Mentors,CE